<configuration scan="true" scanPeriod="30 seconds" >

    <jmxConfigurator />

    <contextName>XL Release</contextName>

    <appender name="STDOUT" class="ch.qos.logback.core.ConsoleAppender">
        <encoder>
            <pattern>%d{yyyy-MM-dd HH:mm:ss.SSS} [%thread] {%mdc} %-5level %logger{36} - %msg%n</pattern>
        </encoder>
    </appender>

    <appender name="FILE" class="ch.qos.logback.core.rolling.RollingFileAppender">
        <file>log/xl-release.log</file>
        <rollingPolicy class="ch.qos.logback.core.rolling.FixedWindowRollingPolicy">
            <fileNamePattern>log/xl-release.%i.log</fileNamePattern>
            <minIndex>1</minIndex>
            <maxIndex>5</maxIndex>
        </rollingPolicy>
        <triggeringPolicy class="ch.qos.logback.core.rolling.SizeBasedTriggeringPolicy">
            <maxFileSize>5MB</maxFileSize>
        </triggeringPolicy>
        <encoder>
            <pattern>%d{yyyy-MM-dd HH:mm:ss.SSS} [%thread] {%mdc} %-5level %logger{36} - %msg%n</pattern>
        </encoder>
    </appender>

    <root level="info">
        <appender-ref ref="STDOUT" />
        <appender-ref ref="FILE" />
    </root>

    <logger name="com.xebialabs" level="info" />

    <logger name="com.xebialabs.deployit.booter.local.DelegateRegistry" level="warn" />
    <logger name="com.xebialabs.deployit.core.api.resteasy.http" level="info" />
    <logger name="com.xebialabs.deployit.jetty.FlexRestCompatibilityServletRequest" level="info" />
    <logger name="com.xebialabs.deployit.jetty.HttpHeaderOverrideServletRequest" level="info" />
    <logger name="com.xebialabs.overthere" level="info" />
    <logger name="com.xebialabs.overthere.spi.BaseOverthereConnection" level="warn" />
    <logger name="com.xebialabs.xlplatform.ui" level="warn" />

    <logger name="akka.event.slf4j" level="warn" />
    <logger name="com.atomikos" level="warn" />
    <logger name="com.typesafe.akka.extension.quartz" level="warn" />
    <logger name="com.zaxxer" level="warn"/>
    <logger name="liquibase" level="warn" />
    <logger name="net.schmizz.sshj" level="error" />
    <logger name="org.crsh" level="warn" />
    <logger name="org.eclipse.jetty" level="warn" />
    <logger name="org.springframework" level="warn"/>
    <logger name="org.quartz" level="warn" />
    <logger name="org.terracotta.quartz" level="off" />
    <logger name="com.xebialabs.xlrelease.plugins.remotecompletion" level="debug" />




    <!--  Audit logging -->

    <appender name="AUDIT" class="ch.qos.logback.core.rolling.RollingFileAppender">
        <file>log/audit.log</file>
        <rollingPolicy class="ch.qos.logback.core.rolling.TimeBasedRollingPolicy">
            <FileNamePattern>log/audit.%d{yyyy-MM-dd}.log</FileNamePattern>
        </rollingPolicy>
        <encoder>
            <pattern>%d{yyyy-MM-dd HH:mm:ss.SSS} [%logger{36}] %msg%n</pattern>
        </encoder>
    </appender>

    <logger name="audit" level="off" additivity="false">
        <appender-ref ref="AUDIT" />
    </logger>

  <!-- Added by vishnu -->
    <logger name="org.apache.http.conn.ssl" level="debug" />



  <!-- Added by Maneet for LDAP logging  -->
    <appender name="SEC_FILE" class="ch.qos.logback.core.rolling.RollingFileAppender">
        <file>log/ldapsecurity.log</file>
        <rollingPolicy class="ch.qos.logback.core.rolling.FixedWindowRollingPolicy">
            <fileNamePattern>log/ldapsecurity.%i.log</fileNamePattern>
            <minIndex>1</minIndex>
            <maxIndex>5</maxIndex>
        </rollingPolicy>
        <triggeringPolicy class="ch.qos.logback.core.rolling.SizeBasedTriggeringPolicy">
            <maxFileSize>5MB</maxFileSize>
        </triggeringPolicy>
        <encoder>
            <pattern>%d{yyyy-MM-dd HH:mm:ss.SSS} [%thread] {%mdc} %-5level %logger{36} - %msg%n</pattern>
        </encoder>
    </appender>
    <logger name="com.xebialabs.deployit.security" level="debug" additivity="false">
        <appender-ref ref="SEC_FILE" />
    </logger>
    <logger name="org.springframework.security" level="debug" additivity="false">
        <appender-ref ref="SEC_FILE" />
    </logger>
    <logger name="org.springframework.ldap" level="debug" additivity="false">
        <appender-ref ref="SEC_FILE" />
    </logger>



   <!-- Added by vishnu for Apache HC logging -->
        <appender name="APACHEHC" class="ch.qos.logback.core.rolling.RollingFileAppender">
               <file>log/apachehc.log</file>
        <rollingPolicy class="ch.qos.logback.core.rolling.TimeBasedRollingPolicy">
               <FileNamePattern>log/apachehc.%d{yyyy-MM-dd}.log</FileNamePattern>
        </rollingPolicy>
               <encoder>
        <pattern>%d{yyyy-MM-dd HH:mm:ss.SSS} %-5level [%logger{36}] %msg%n</pattern>
               </encoder>
		</appender>

    <!-- suppress full wire logging -->
        <logger name="org.apache.http.wire" level="error" additivity="false">
                 <appender-ref ref="APACHEHC" />
        </logger>

    <!-- header and context logging -->
        <logger name="org.apache.http" level="debug" additivity="false">
         <appender-ref ref="APACHEHC" />
        </logger>

</configuration>
