<?xml version="1.0" encoding="UTF-8"?>

<beans xmlns="http://www.springframework.org/schema/beans" xmlns:xsi="http://www.w3.org/2001/XMLSchema-instance"
    xmlns:security="http://www.springframework.org/schema/security"
    xsi:schemaLocation="
        http://www.springframework.org/schema/beans http://www.springframework.org/schema/beans/spring-beans.xsd
        http://www.springframework.org/schema/security http://www.springframework.org/schema/security/spring-security.xsd
    ">

    <bean id="ldapServer" class="org.springframework.security.ldap.DefaultSpringSecurityContextSource">
        <constructor-arg value="ldaps://ad.auth.mclocal.int:636" />
        <property name="userDn" value="cn=xlrad_svc,ou=Generic Accounts,ou=MasterCard Users,dc=corp,dc=mastercard,dc=org" />
<line contained a password and was removed>
        <property name="baseEnvironmentProperties">
            <map>
                <entry key="java.naming.referral">
                    <value>ignore</value>
                </entry>
            </map>
        </property>
    </bean>

    <bean id="ldapProvider" class="com.xebialabs.xlrelease.security.authentication.LdapAuthenticationProvider">
        <constructor-arg>
            <bean class="org.springframework.security.ldap.authentication.BindAuthenticator">
                <constructor-arg ref="ldapServer" />
                <property name="userSearch">
                    <bean id="userSearch" class="org.springframework.security.ldap.search.FilterBasedLdapUserSearch">
                        <constructor-arg index="0" value="ou=MasterCard Users,dc=corp,dc=mastercard,dc=org" />
                        <constructor-arg index="1" value="(&amp;(sAMAccountName={0})(objectcategory=user))" />
                        <constructor-arg index="2" ref="ldapServer" />
                    </bean>
                </property>
            </bean>
        </constructor-arg>
        <constructor-arg>
            <bean class="org.springframework.security.ldap.userdetails.DefaultLdapAuthoritiesPopulator">
                <constructor-arg ref="ldapServer" />
                <constructor-arg value="ou=Mastercard Groups,dc=corp,dc=mastercard,dc=org" />
                <!-- <property name="groupSearchFilter" value="(&amp;(cn={0})(objectcategory=group))" /> -->
                <property name="groupSearchFilter" value="(&amp;(objectclass=group)(member={0}))" />
                <property name="rolePrefix" value="" />
                <property name="searchSubtree" value="true" />
                <property name="convertToUpperCase" value="false" />
            </bean>
        </constructor-arg>
        <constructor-arg>
            <bean class="com.xebialabs.xlrelease.principaldata.LdapGroupEmailProvider">                
                <constructor-arg index="0" value="ou=Distribution Lists,ou=MasterCard Exchange,dc=corp,dc=mastercard,dc=org" />
                <constructor-arg index="1" value="(&amp;(cn={0})(objectcategory=group))" />
                <constructor-arg index="2" ref="ldapServer" />
                <property name="searchSubtree" value="true" />
                <property name="searchTimeLimit" value="10000" />
                <property name="groupEmailAttribute" value="mail" />
            </bean>
        </constructor-arg>
      <property name="authoritiesMapper" ref="additionalAuthoritiesMapper"/>
    </bean>

    <bean id="rememberMeAuthenticationProvider" class="com.xebialabs.deployit.security.authentication.RememberMeAuthenticationProvider"/>

    <bean id="internalAuthenticationProvider" class="com.xebialabs.deployit.security.authentication.XlAuthenticationProvider">
      <property name="authoritiesMapper" ref="additionalAuthoritiesMapper"/>
    </bean>
    <bean id="additionalAuthoritiesMapper" class="com.xebialabs.deployit.security.AdditionalAuthoritiesMapper">
        <property name="additionalAuthorities">
            <list>
                <value>everyone</value>
            </list>
        </property>
    </bean>

    <security:authentication-manager alias="authenticationManager">
        <security:authentication-provider ref="rememberMeAuthenticationProvider" />
        <security:authentication-provider ref="ldapProvider" />
        <security:authentication-provider ref="internalAuthenticationProvider"/>
    </security:authentication-manager>

</beans>
